0001542f-5ce3cf52_52.jpg,1,0,1
0001542f-ec815219_52.jpg,1,0,0
00067cfb-5443fe39_52.jpg,1,1,0
00067cfb-f1b91e3c_52.jpg,1,1,1
001bad4e-2fa8f3b6_52.jpg,1,0,0
00202076-7a95b4e3_52.jpg,1,0,1
00207869-902288d1_52.jpg,1,1,0
00225f53-4200bde2_52.jpg,1,0,1
00225f53-67614580_52.jpg,1,1,1
00232de3-19eca24a_52.jpg,1,0,0
002d290d-01969e7d_52.jpg,1,0,0
002d290d-90f2bab2_52.jpg,0,0,0
002d290d-f9108a13_52.jpg,0,0,0
0030f434-3eb4a3a9_52.jpg,0,0,0
00313a01-62156032_52.jpg,1,0,1
00313a01-725ddf3a_52.jpg,1,1,1
00313a01-b53a2998_52.jpg,1,0,0
00322f82-286ab9b3_52.jpg,1,1,1
0035afff-3295dbd6_52.jpg,1,0,0
0035afff-bd191d6a_52.jpg,1,0,0
00390995-49d9a01e_52.jpg,1,1,1
003baca5-d6cd84e5_52.jpg,1,0,0
00423717-0ef3c8dc_52.jpg,1,0,1
00423717-eba4da41_52.jpg,1,1,1
00423ac5-1fa7ff43_52.jpg,1,1,1
0045e757-02530231_52.jpg,1,0,0
0045e757-088840fc_52.jpg,1,0,0
0045e757-66a334b5_52.jpg,1,0,0
0052b279-87c692aa_52.jpg,1,0,1
005645a1-dbe34c9d_52.jpg,0,0,0
00589f25-4cf2b9e0_52.jpg,1,0,1
005ee183-0100ac18_52.jpg,1,1,0
005ee183-bcfab89f_52.jpg,1,0,0
005fd7be-d8e0dc65_52.jpg,1,1,1
005ff190-5be4cdfa_52.jpg,1,0,1
00618cec-a7f7e470_52.jpg,1,0,1
00618cec-ef92ac05_52.jpg,1,0,1
0062298d-2d787502_52.jpg,1,1,1
0062298d-e6abad2f_52.jpg,1,0,0
0062298d-fd69d0ec_52.jpg,1,0,1
006382a3-4a442001_52.jpg,0,0,0
00699de6-58847872_52.jpg,1,1,0
0071d9c5-0f52d539_52.jpg,1,0,1
007693e6-2535e7bf_52.jpg,1,0,0
007693e6-bc55f0e4_52.jpg,0,0,0
007693e6-c2a8b9a7_52.jpg,0,1,0
0077ccb8-d5778190_52.jpg,1,0,0
007ae77f-79995643_52.jpg,1,1,1
007aeb45-3e75ce0e_52.jpg,1,1,0
007aeb45-56d1aed9_52.jpg,1,1,0
007aeb45-9330e852_52.jpg,1,0,0
007aeb45-96ce245e_52.jpg,1,0,0
007aeb45-c601742b_52.jpg,1,1,1
007aeb45-f9f5ac8c_52.jpg,1,1,1
007b11e5-1033ff33_52.jpg,1,1,0
007da0eb-1bad8468_52.jpg,1,0,0
007da0eb-e1f588e8_52.jpg,1,0,0
0080b637-55f7930e_52.jpg,0,0,0
0081da60-5fa22cc6_52.jpg,1,0,0
00831388-d801f28b_52.jpg,1,0,1
008dd3b9-4b6790d5_52.jpg,1,0,0
008edf63-4a001f1b_52.jpg,1,1,1
0096bcca-095d2c02_52.jpg,1,0,0
0096bcca-27a61cb3_52.jpg,1,1,1
0096bcca-81ffedfc_52.jpg,1,1,0
0096bcca-a25719cb_52.jpg,1,0,1
0096bcca-bfb5ea6c_52.jpg,1,0,0
0096bcca-fc7d6d3c_52.jpg,1,1,0
009aecce-ab411438_52.jpg,1,1,1
009aecce-ce4a9413_52.jpg,1,0,0
009bd04d-0f1f9967_52.jpg,1,1,0
009bd04d-42445981_52.jpg,1,1,0
009deddd-c8963379_52.jpg,1,0,0
009deddd-d68ff1f7_52.jpg,0,0,0
00abf44e-421f6ed7_52.jpg,0,0,0
00f0dd0f-5e9c9557_52.jpg,1,0,0
00f28fce-a799f8a1_52.jpg,1,1,1
00f89335-1825f637_52.jpg,1,0,0
00f89335-2ef7949d_52.jpg,1,1,1
00fc910e-bce87172_52.jpg,1,1,1
00ffeef4-ea139a4e_52.jpg,1,1,0
0100a197-bdbf50ca_52.jpg,1,0,0
01051f5c-0ec95f5c_52.jpg,1,0,0
010526ea-7a0c620d_52.jpg,1,0,1
010526ea-98dc9803_52.jpg,1,0,0
010799f0-4d81c585_52.jpg,1,1,0
01079b7f-2af154e7_52.jpg,1,0,0
01079b7f-54afc9ad_52.jpg,1,1,0
01079b7f-9d0e53c5_52.jpg,1,1,1
010a3063-55852e55_52.jpg,1,0,0
010b452c-2636b85e_52.jpg,1,0,1
010d75f8-3eb08dc7_52.jpg,1,1,0
010d75f8-91f41ad8_52.jpg,1,1,1
010fc651-19922861_52.jpg,0,0,0
0110b332-cc1282d2_52.jpg,1,0,1
0111523e-a2170455_52.jpg,1,0,1
011b09ca-9529e701_52.jpg,1,0,1
011f8481-b14725fa_52.jpg,1,0,0
0127cb3a-6be24a50_52.jpg,1,0,0
012979cd-e13274a9_52.jpg,1,1,1
0129ed1d-d8572c11_52.jpg,1,0,0
0129ed1d-e672b72a_52.jpg,1,0,0
012c118a-93e8b511_52.jpg,1,1,1
012c118a-b3092f3b_52.jpg,1,1,0
012c8623-1782dc8b_52.jpg,1,0,1
012e9465-1031243b_52.jpg,0,0,0
012f3428-f991fd5e_52.jpg,1,0,0
013162b0-ddbabae8_52.jpg,1,0,1
01317a31-6ea7d85d_52.jpg,1,1,1
0133af9c-7a0eae36_52.jpg,1,1,1
0133af9c-8a890e5d_52.jpg,0,0,0
0135988f-243a3367_52.jpg,1,0,0
0135988f-6e5c56c0_52.jpg,0,1,1
013ae324-36be6bc2_52.jpg,1,1,0
013ae324-9d336f91_52.jpg,1,1,0
013b7dd3-80000bcd_52.jpg,1,1,1
0141ab5f-fc9afdd2_52.jpg,1,0,1
0141e71e-941b0b5d_52.jpg,1,0,0
0145b233-ee9c5b63_52.jpg,1,1,0
0149d509-819eec9c_52.jpg,1,0,0
014f813e-ea18f067_52.jpg,0,1,1
0153f03b-3b26c404_52.jpg,0,0,0
0153f03b-8fbdc1ad_52.jpg,1,1,0
01551335-542af6dd_52.jpg,1,1,1
015a7c97-9aa3e05d_52.jpg,1,1,0
015b88d3-48cc2dc4_52.jpg,0,1,1
015b88d3-888cc0b1_52.jpg,1,1,1
015bbc07-91083530_52.jpg,1,1,0
015e6ee5-bff02c40_52.jpg,1,1,1
015f02db-2f4f2353_52.jpg,1,1,0
01632f31-ab7e17e3_52.jpg,1,1,0
0166faa5-5fbc53c5_52.jpg,1,0,0
01688cf2-237fbd49_52.jpg,1,0,0
0168e22b-175c805f_52.jpg,1,0,0
0168e22b-7f034886_52.jpg,1,0,0
0168e22b-81d10cb6_52.jpg,1,1,0
0168e22b-dad440f5_52.jpg,1,1,1
016a73c3-ee66beda_52.jpg,1,0,0
0171a405-03235e12_52.jpg,1,0,1
01746216-721df8d4_52.jpg,1,0,0
01746216-f3e9e455_52.jpg,1,0,0
01759047-d88724fe_52.jpg,1,0,0
01781c36-25e044bd_52.jpg,1,1,0
0178ff32-d94d3509_52.jpg,1,1,1
017bc60b-45528fb9_52.jpg,1,0,1
017bec14-1c6f8718_52.jpg,1,1,0
017bec14-5638318f_52.jpg,1,1,0
017bec14-8512b7fd_52.jpg,1,1,0
017e2d3b-765af5a6_52.jpg,1,1,0
01818f85-516d8d03_52.jpg,1,1,0
01818f85-6397dd75_52.jpg,1,1,1
0184a4be-c7a32fbc_52.jpg,1,0,0
0185631d-eabb8700_52.jpg,1,0,0
019167dd-0f84c4b3_52.jpg,1,0,0
019539db-cc36496e_52.jpg,1,0,0
019588c0-f482aa5e_52.jpg,1,0,1
0195c13b-01c07d6a_52.jpg,1,0,0
019666dd-b8236d7f_52.jpg,1,0,1
019b6143-8c8d343e_52.jpg,1,0,0
019c4fa9-f05e5f04_52.jpg,0,1,0
019cd27a-04f32671_52.jpg,0,0,1
019cd27a-9ad90d04_52.jpg,1,1,1
019cd27a-d1b82c8d_52.jpg,1,0,0
019d0e2f-26b8c896_52.jpg,1,0,0
019d2681-83c5bf22_52.jpg,1,1,0
019efe88-bbc2a4ac_52.jpg,1,0,0
01a01af7-76f6a476_52.jpg,1,0,1
01a42c06-6c608165_52.jpg,0,0,0
01a4deab-0f7d41cc_52.jpg,1,0,1
01a4deab-40dbb1f3_52.jpg,1,0,1
01a4deab-6b02cc77_52.jpg,0,0,1
01a4deab-b691805a_52.jpg,0,0,0
01a4deab-ece02859_52.jpg,1,0,0
01a4deab-fd589c6f_52.jpg,1,0,0
01a6daec-e8c923a8_52.jpg,1,1,1
01a8723d-89a1953a_52.jpg,1,0,0
01a8723d-b7f960ce_52.jpg,1,0,1
01aeb4e2-7d6000f2_52.jpg,0,0,0
01af2f91-3eacda83_52.jpg,1,0,1
01af2f91-7bd5e6c9_52.jpg,1,1,0
01bfe142-adaf8017_52.jpg,1,1,1
01c2e726-414a03ea_52.jpg,1,1,1
01c2e726-c3a655b2_52.jpg,1,0,0
01c4035b-14d887ca_52.jpg,1,1,0
01c5cd64-192464e1_52.jpg,1,0,0
01c5cd64-6e208afd_52.jpg,1,0,0
01c5cd64-76bf9abb_52.jpg,0,0,0
01c88f41-3ddab5b5_52.jpg,1,1,1
01cce42a-cd2acad5_52.jpg,1,1,1
01cde341-bde786dc_52.jpg,1,1,1
01cde341-fe529a98_52.jpg,1,1,1
01ce75e2-df9688eb_52.jpg,1,0,0
01ce9ed7-51ffbb0e_52.jpg,1,1,1
01d07f62-a9eec120_52.jpg,1,0,0
01d0c813-48d4fcd8_52.jpg,1,1,0
01d0c813-93e6e4f8_52.jpg,1,0,0
01d0c813-d40ec94f_52.jpg,1,0,1
01d0c813-e334c048_52.jpg,1,0,1
01d0c813-f2819e84_52.jpg,1,0,0
01d3a4d7-7940d3f0_52.jpg,1,0,1
01d3a4d7-92c0537c_52.jpg,1,0,1
01d3a4d7-aaf41e75_52.jpg,1,0,0
01d3a4d7-b6a3dfb5_52.jpg,0,0,0
01d3a4d7-e7384cb9_52.jpg,1,0,1
01d87368-a0c0bc84_52.jpg,1,1,1
01d933a6-c1f361fb_52.jpg,1,1,0
01dad8ea-6732167c_52.jpg,1,1,1
01dad8ea-c6deb141_52.jpg,1,0,0
01dc8414-3e5938b1_52.jpg,1,0,1
01dd2e02-3bd0526b_52.jpg,1,0,1
01dd2e02-88356eaa_52.jpg,1,1,1
01dfa9c5-8e06d106_52.jpg,1,0,0
01e5bbac-330a3c37_52.jpg,0,0,0
01e7437e-030183d9_52.jpg,1,1,1
01eb2be1-84bd2126_52.jpg,1,1,0
01eb2be1-ca02b2ac_52.jpg,0,0,0
01ed3f01-33091fbe_52.jpg,1,1,1
01ed3f01-c4dd8d1d_52.jpg,1,1,0
01ef5ee9-5fb62089_52.jpg,1,1,0
01f2af00-195831fa_52.jpg,1,0,0
01f2bc5a-5a845805_52.jpg,1,0,1
01f54fd9-6fd0dab3_52.jpg,1,1,0
01f618c6-82cfe9c3_52.jpg,1,1,1
01f7bbd1-6fbaad8c_52.jpg,1,0,0
01f9b5f2-b15a9c4e_52.jpg,1,0,1
01ff2210-c4cd7f4f_52.jpg,1,0,0
02006c28-c2c5e796_52.jpg,1,0,1
02006c28-dbd5e8e9_52.jpg,1,0,0
020cc8f8-8b679d0b_52.jpg,1,0,0
020fb8c8-9a194dc3_52.jpg,1,0,0
021009a2-432c266f_52.jpg,1,1,0
0210494e-d9c8ceee_52.jpg,0,0,0
0210896b-897931be_52.jpg,0,0,0
02124b78-5bae69c1_52.jpg,1,0,0
02124b78-9823f8fc_52.jpg,1,0,0
02133057-fc70cc0e_52.jpg,1,0,0
02139a84-359b2b17_52.jpg,1,0,0
0218c5b0-145d6bbf_52.jpg,1,1,0
0218c5b0-ad70f9a0_52.jpg,1,0,0
021a0cdd-baff0e6d_52.jpg,1,0,1
021a0cdd-d147efa6_52.jpg,0,0,0
021df36f-9dc059b8_52.jpg,1,0,1
021df36f-cddde256_52.jpg,1,0,1
02250ece-2d6bfd5b_52.jpg,1,0,0
0226f407-491ed238_52.jpg,1,0,0
0226f407-513227af_52.jpg,1,0,1
022da1b8-ab52d480_52.jpg,0,0,0
0231c6df-b84bd28f_52.jpg,1,0,0
0232ae80-e2da554a_52.jpg,1,0,0
0232c9f2-2ca912f6_52.jpg,1,0,0
0233c21b-577418b6_52.jpg,1,1,0
02344f0c-77b524bd_52.jpg,1,0,1
02344f0c-d5d916ff_52.jpg,1,1,1
0234afb5-874e7f20_52.jpg,1,0,0
024512c0-bf32188b_52.jpg,1,0,0
0245bba2-066e715d_52.jpg,0,0,1
0245bba2-091b06af_52.jpg,1,1,1
0245bba2-838a71a5_52.jpg,1,0,0
0245bba2-d34755ef_52.jpg,1,0,1
0245bba2-e3e6e1c0_52.jpg,0,0,0
02480aee-cb6bb3a5_52.jpg,1,0,1
024817df-f92d7680_52.jpg,1,1,1
02494b7b-a2781ac9_52.jpg,1,0,0
024a1f76-7609e57e_52.jpg,1,1,0
024b275b-33674b72_52.jpg,1,1,1
024b275b-bbfdf5ee_52.jpg,1,1,0
024dd592-94359ff1_52.jpg,1,1,0
02506726-0e9b815e_52.jpg,1,1,1
02506726-7d5fd8d1_52.jpg,1,0,0
02506726-83b4a05e_52.jpg,1,0,0
0250f554-b900f677_52.jpg,0,0,0
02521568-a335c1a0_52.jpg,1,1,0
0252969b-9ba7b3ea_52.jpg,0,0,1
0263b4e2-dcbc1fb8_52.jpg,1,0,0
0263b4e2-e10a3ab3_52.jpg,1,0,1
026e1e49-771df1d9_52.jpg,1,1,0
026eb2d9-a96c8aa4_52.jpg,1,1,1
026ebbcd-0c0ee998_52.jpg,1,1,0
026ebbcd-610bf3b0_52.jpg,1,1,1
02739c8c-301f2697_52.jpg,1,0,0
02740cb3-7fd9b733_52.jpg,1,0,0
02778d17-efa6d1ee_52.jpg,1,0,0
0279c430-962e3702_52.jpg,1,0,0
027a8c42-c52d5d6b_52.jpg,1,1,0
027bf15c-291f196d_52.jpg,0,1,0
027e72be-02d4782f_52.jpg,1,0,0
027e72be-8b4f222c_52.jpg,1,0,0
028258e3-88d36a7b_52.jpg,1,1,1
028258e3-9d6e3ffa_52.jpg,1,0,0
028260c8-52f0dd00_52.jpg,0,0,1
0282c435-23183908_52.jpg,1,0,1
02844a1f-c957e1c3_52.jpg,1,1,1
02858212-eea55b78_52.jpg,1,1,1
02864c06-90dae1dd_52.jpg,1,1,1
028c7891-a4644551_52.jpg,1,0,0
028f6a10-087ef8f4_52.jpg,1,0,0
0292ca07-128d078f_52.jpg,1,1,1
0292ca07-bac7cf32_52.jpg,1,0,1
02982dfe-1dd674e5_52.jpg,1,0,0
0298709e-771de5a8_52.jpg,0,0,0
02995fe4-158af38b_52.jpg,1,0,0
02995fe4-1e0fc944_52.jpg,1,1,0
02995fe4-e81dc93c_52.jpg,0,1,0
029968d6-9eea29a2_52.jpg,1,1,0
029fd342-21488eaa_52.jpg,1,1,1
029fd987-078c287a_52.jpg,1,0,0
02a0aa2f-0ba5cdab_52.jpg,1,0,0
02a26ce5-42f8fd75_52.jpg,1,0,0
02a39657-a59abfc7_52.jpg,1,1,0
02a46296-9d712df2_52.jpg,1,0,0
02a46296-f95ec53f_52.jpg,1,0,0
02a54ddc-ed40d4d2_52.jpg,1,0,0
02ac8427-bd3b76a5_52.jpg,1,0,0
02ac8427-ed7b5514_52.jpg,1,1,1
02ae4a52-e4715e65_52.jpg,1,0,0
02b0443e-25d7d385_52.jpg,0,0,0
02b12643-452a1808_52.jpg,1,0,0
02b3fce2-28a8c45f_52.jpg,1,1,1
02b6d2a0-54fc4ce8_52.jpg,1,0,1
02bb67ae-7627384f_52.jpg,0,1,0
02bb67ae-8c3d61f8_52.jpg,0,0,0
02bd959c-f20a2437_52.jpg,1,0,0
02be9032-17072dbc_52.jpg,1,0,0
02c14339-b5be3a6c_52.jpg,1,0,0
02c26e9d-959a8a8d_52.jpg,1,1,1
02cb294e-e4cabcb7_52.jpg,1,0,0
02cc2722-171d6b7f_52.jpg,1,0,0
02cc2722-4d53046c_52.jpg,1,0,0
02cc9ceb-4c3f4418_52.jpg,1,0,1
02cdc06d-5502f174_52.jpg,1,0,0
02cfe806-9f5dfc26_52.jpg,0,0,0
02d05ded-569401dc_52.jpg,0,0,0
02d12c82-bec685e5_52.jpg,1,0,0
02d3b618-93ba27d9_52.jpg,1,1,1
02d4b301-c1560dc4_52.jpg,1,0,0
02d5e1be-1ff6d3ee_52.jpg,1,0,1
02d5e1be-87ae2130_52.jpg,1,0,0
02d5e1be-8b51b241_52.jpg,1,0,0
02d5e1be-98109303_52.jpg,1,1,0
02d5e1be-bd9bd999_52.jpg,1,1,1
02d5e1be-c0e9cba4_52.jpg,1,1,0
02d5e1be-cb00355e_52.jpg,1,1,1
02d721b2-3c9348b6_52.jpg,1,0,0
02ddd956-1bee234c_52.jpg,1,0,0
02ddd956-37234391_52.jpg,1,0,0
02ddd956-3d7f38e3_52.jpg,1,0,0
02ddd956-5440cc89_52.jpg,1,0,0
02ddd956-5e8f29ff_52.jpg,1,1,1
02ddd956-8089f55d_52.jpg,0,0,0
02ddf9bc-a85b5d96_52.jpg,1,0,0
02dff71f-e68c99ab_52.jpg,1,0,1
02e1d8c0-afc78448_52.jpg,0,0,0
02e3a54e-4caaff18_52.jpg,1,1,1
02e3a54e-b6820916_52.jpg,0,0,1
02e4e46b-cd628347_52.jpg,1,1,0
02e9a153-1d9cde62_52.jpg,1,0,1
02e9a153-6eefde0a_52.jpg,1,0,0
02ebe84b-56c964eb_52.jpg,1,0,0
02ee373a-44f142e5_52.jpg,1,0,0
02ef72c1-00a6439d_52.jpg,1,0,1
02ef72c1-3f5a958d_52.jpg,1,0,0
02ef72c1-4af36cad_52.jpg,1,1,0
02ef72c1-5ee7012d_52.jpg,1,0,1
02ef72c1-8e54f4c6_52.jpg,1,0,0
02ef72c1-a35e37df_52.jpg,1,0,0
02ef72c1-a37b71ce_52.jpg,1,1,0
02ef72c1-d2001149_52.jpg,1,0,0
02ef72c1-e5409f23_52.jpg,1,0,0
02f08b1d-16200b45_52.jpg,1,1,1
02f19914-c71b31e6_52.jpg,1,1,1
02f1accd-9a9ee2ba_52.jpg,1,0,1
02f48a74-f9aab55d_52.jpg,1,0,0
02f94134-4bd5b308_52.jpg,1,0,1
02f98d04-38964dcb_52.jpg,1,1,1
02fbd4c5-a558fe36_52.jpg,1,0,1
03009421-80952641_52.jpg,1,1,0
030c8a82-4c8d6fb5_52.jpg,1,1,1
030c8a82-7161e818_52.jpg,0,0,1
03112119-0aafd3ad_52.jpg,1,0,0
03112119-40487de6_52.jpg,1,0,0
03112119-a36f2a78_52.jpg,0,1,0
03112119-f1d28776_52.jpg,1,1,0
03112119-f95037cc_52.jpg,1,1,0
03118840-e80f61b4_52.jpg,1,0,1
0314ed72-c5a4a711_52.jpg,1,1,1
03164aef-9a01fe07_52.jpg,1,0,0
03164aef-f18deb04_52.jpg,1,0,0
031a0c80-12e08c88_52.jpg,1,0,0
0320143b-ca3ebac1_52.jpg,1,0,0
032164cf-22727d65_52.jpg,1,0,1
032164cf-4cfe9875_52.jpg,1,0,0
032164cf-79aca73b_52.jpg,1,1,0
032f6037-713441e3_52.jpg,1,1,0
03308363-7e721510_52.jpg,1,0,0
03308a40-a8782316_52.jpg,1,0,0
033395ff-c02a8a2c_52.jpg,1,1,0
03343856-ebf78b5f_52.jpg,1,1,1
0334d6ba-2d9290f2_52.jpg,1,0,0
0334d6ba-b42d12c0_52.jpg,1,1,0
0335a578-e01e5070_52.jpg,1,1,1
03375401-fb9422a3_52.jpg,1,0,0
03375ea2-17ddd6fc_52.jpg,1,0,0
03375ea2-c96d61a8_52.jpg,1,1,0
033764a5-71a0152f_52.jpg,1,1,1
0337fd00-e231ff51_52.jpg,1,0,1
033ae54d-46760e92_52.jpg,1,1,1
033f35bd-393e555c_52.jpg,1,0,0
034114c8-3b152a80_52.jpg,1,1,0
0341c57c-4e45bd8e_52.jpg,1,1,1
03453b56-edfdacdd_52.jpg,1,0,1
034a8bdf-f9e9ad8d_52.jpg,1,1,1
034d18b7-f0403558_52.jpg,1,0,0
034daca2-a038e325_52.jpg,1,0,1
03534ec1-6f21d017_52.jpg,1,1,0
03534ec1-78720606_52.jpg,1,1,0
0355243b-d696291a_52.jpg,1,1,0
03565f44-3a70c0ee_52.jpg,1,0,1
03567106-32193027_52.jpg,1,1,1
035821a3-1d1d5abb_52.jpg,1,0,1
035cb512-2f9fa97d_52.jpg,0,0,0
035cb512-867cbbbf_52.jpg,1,0,1
035ce917-9a3d2152_52.jpg,1,0,0
035d6940-18869b73_52.jpg,1,0,1
035f255b-5fce8975_52.jpg,0,0,0
03626025-2af8b800_52.jpg,1,0,0
03626025-6e619fb2_52.jpg,1,0,0
03626025-86976117_52.jpg,0,0,0
03626025-876e549e_52.jpg,1,1,0
03626025-a6e5a2cd_52.jpg,1,0,0
03626025-dbda4490_52.jpg,1,1,0
036605bd-06cda282_52.jpg,0,0,0
036605bd-474ceef4_52.jpg,1,1,0
036605bd-a83a10e2_52.jpg,1,1,0
036a17ef-a4cadcc5_52.jpg,1,0,0
036aaaef-c0fecc6a_52.jpg,1,1,0
036aea46-ee63a8e7_52.jpg,1,0,0
036b3982-4255bbe0_52.jpg,1,0,1
036bac72-8dd5fedc_52.jpg,1,0,1
036c5e73-c37fa9ed_52.jpg,1,0,0
03700615-8ffdb01d_52.jpg,0,0,0
0373ecad-17c44420_52.jpg,1,0,1
037413e4-a6d742be_52.jpg,1,0,1
0375374a-594dd8ca_52.jpg,1,0,0
0380421e-b5b2628b_52.jpg,1,0,0
03818c05-484d907d_52.jpg,1,1,0
03868108-3f65cae7_52.jpg,1,0,0
0386df8d-be9fc817_52.jpg,1,1,1
038c1daf-abd51f45_52.jpg,1,0,0
038c1daf-be8d3ee3_52.jpg,1,0,1
038c1daf-f6f507ff_52.jpg,1,0,0
038fbb3b-0f3e6b8b_52.jpg,1,1,0
038fbb3b-7ba9ebcc_52.jpg,1,1,1
0391b282-4d7145fe_52.jpg,1,0,0
03954613-c7f9144f_52.jpg,0,0,0
0396011e-8f9b797e_52.jpg,1,1,1
039cb0e4-4dbb3be1_52.jpg,1,1,0
039cb0e4-6c799a13_52.jpg,1,0,0
039cb0e4-e0dfa14a_52.jpg,0,0,0
039cb0e4-f0bc9d7a_52.jpg,1,0,1
039f79c0-66d9d6ca_52.jpg,1,0,0
03a1130c-8c69a61a_52.jpg,1,0,0
03a2213e-c93f1fdf_52.jpg,1,0,1
03a2c043-647da9c7_52.jpg,1,0,0
03a30c44-d9c029ff_52.jpg,1,1,1
03aa1144-12a264b8_52.jpg,0,0,1
03aa1144-5efc1938_52.jpg,1,0,1
03aa1144-c167799a_52.jpg,1,1,1
03aa4f5e-9c728505_52.jpg,1,0,0
03ab1996-04a9d7e7_52.jpg,1,1,0
03ab1996-2b863eb2_52.jpg,1,0,0
03ab1996-72301852_52.jpg,1,1,1
03ab1996-82bc99cf_52.jpg,1,0,1
03ab1996-e21eb257_52.jpg,1,0,1
03ab73c2-f00d2ed2_52.jpg,1,1,1
03ad8825-8da3b6c3_52.jpg,1,0,1
03af7994-899a5283_52.jpg,1,0,0
03afe274-4135849f_52.jpg,1,0,0
03afe274-5430ce20_52.jpg,1,1,1
03b0697b-79bfc82c_52.jpg,1,0,0
03b135f4-fbcf4d8a_52.jpg,1,0,1
03b17058-36fda951_52.jpg,1,0,1
03b3c151-f37ef8b1_52.jpg,1,0,1
03b540ad-9e70a0ad_52.jpg,1,0,0
03b8bba0-023c23ad_52.jpg,1,1,1
03b8bba0-29219fd3_52.jpg,1,1,1
03b8bba0-3aa073d8_52.jpg,1,1,0
03b8bba0-42ab17fb_52.jpg,0,0,0
03b8bba0-73b58cc3_52.jpg,1,1,1
03b997fa-922d0c49_52.jpg,1,0,1
03c28a8d-3c7633ca_52.jpg,0,0,1
03c28a8d-9fd776c9_52.jpg,1,0,0
03c5f65d-36c56cc8_52.jpg,1,1,1
03c5f65d-d333d726_52.jpg,1,0,0
03c6a7d2-dd77fffb_52.jpg,1,0,1
03c90c7d-bce637d8_52.jpg,1,0,0
03cee322-f7c906a2_52.jpg,0,1,1
03d0bae7-9627a648_52.jpg,1,1,1
03d22df4-de552bdb_52.jpg,1,1,0
03d75f61-ce25863a_52.jpg,0,0,0
03d8474d-948d50c6_52.jpg,1,0,1
